City,State
Aldine,Texas
Alvin,Texas
Ames,Texas
Anahuac,Texas
Angleton,Texas
Arcola,Texas
Atascocita,Texas
Bacliff,Texas
Bailey's Prairie,Texas
Barrett,Texas
Bayou Vista,Texas
Baytown,Texas
Beach City,Texas
Beasley,Texas
Bellaire,Texas
Bellville,Texas
Bolivar Peninsula,Texas
Bonney,Texas
Brazoria,Texas
Brazos Country,Texas
Brookshire,Texas
Brookside Village,Texas
Bunker Hill Village,Texas
Channelview,Texas
Cinco Ranch,Texas
Clear Lake Shores,Texas
Cleveland,Texas
Cloverleaf,Texas
Clute,Texas
Conroe,Texas
Cove,Texas
Crosby,Texas
Cumings,Texas
Cut and Shoot,Texas
Daisetta,Texas
Damon,Texas
Danbury,Texas
Dayton,Texas
Dayton Lakes,Texas
Deer Park,Texas
Devers,Texas
Dickinson,Texas
El Lago,Texas
Fairchilds,Texas
Fifth Street,Texas
Four Corners,Texas
Freeport,Texas
Fresno,Texas
Friendswood,Texas
Fulshear,Texas
Galena Park,Texas
Galveston,Texas
Greatwood,Texas
Hardin,Texas
Hedwig Village,Texas
Hempstead,Texas
Highlands,Texas
Hillcrest,Texas
Hilshire Village,Texas
Hitchcock,Texas
Holiday Lakes,Texas
Houston,Texas
Humble,Texas
Hunters Creek Village,Texas
Industry,Texas
Iowa Colony,Texas
Jacinto City,Texas
Jamaica Beach,Texas
Jersey Village,Texas
Jones Creek,Texas
Katy,Texas
Kemah,Texas
Kendleton,Texas
Kenefick,Texas
La Marque,Texas
La Porte,Texas
Lake Jackson,Texas
League City,Texas
Liberty,Texas
Liverpool,Texas
Magnolia,Texas
Manvel,Texas
Meadows Place,Texas
Mission Bend,Texas
Missouri City,Texas
Mont Belvieu,Texas
Montgomery,Texas
Morgan's Point,Texas
Nassau Bay,Texas
Needville,Texas
New Territory,Texas
North Cleveland,Texas
Oak Ridge North,Texas
Old River-Winfree,Texas
Orchard,Texas
Oyster Creek,Texas
Panorama Village,Texas
Pasadena,Texas
Pattison,Texas
Patton Village,Texas
